{"cameraMode":{"drawMode":0,"name":"Shaded","section":"Shading Mode"},"sceneLighting":true,"audioPlay":false,"sceneViewState":{"m_AlwaysRefresh":false,"showFog":true,"showSkybox":true,"showFlares":true,"showImageEffects":true,"showParticleSystems":true,"showVisualEffectGraphs":true,"m_FxEnabled":false},"in2DMode":false,"pivot":{"x":-0.021155953407287599,"y":-0.07975423336029053,"z":-32.72389221191406},"rotation":{"x":-0.04343688115477562,"y":0.12762390077114106,"z":-0.005594611633569002,"w":-0.9908560514450073},"size":2.068355083465576,"orthographic":false}